{
  "project_info": {
    "project_number": "190002384810",
    "firebase_url": "https://fcmsingle-d5913.firebaseio.com",
    "project_id": "fcmsingle-d5913",
    "storage_bucket": "fcmsingle-d5913.appspot.com"
  },
  "client": [
    {
      "client_info": {
        "mobilesdk_app_id": "1:190002384810:android:e47b8c07c92cc547",
        "android_client_info": {
          "package_name": "com.exampledemo.parsaniahardik.fcmsingle"
        }
      },
      "oauth_client": [
        {
          "client_id": "190002384810-sfgpgal1raa589fbq09qqg0bcu2rtk61.apps.googleusercontent.com",
          "client_type": 3
        }
      ],
      "api_key": [
        {
          "current_key": "AIzaSyB2K6qxTldxJy_T-r5uoUxRPkqmSRzDUCM"
        }
      ],
      "services": {
        "analytics_service": {
          "status": 1
        },
        "appinvite_service": {
          "status": 1,
          "other_platform_oauth_client": []
        },
        "ads_service": {
          "status": 2
        }
      }
    }
  ],
  "configuration_version": "1"
}